module,annotation_count
Mathlib.Analysis.InnerProductSpace.PiL2,68
Mathlib.Algebra.Group.Defs,62
Mathlib.Analysis.Complex.Trigonometric,45
Mathlib.Algebra.QuadraticDiscriminant,42
Mathlib.Geometry.Euclidean.Triangle,38
Mathlib.Probability.Moments.Variance,38
Mathlib.Computability.Primrec.Basic,37
Mathlib.ModelTheory.Basic,37
Mathlib.ModelTheory.Syntax,35
Mathlib.SetTheory.Ordinal.Basic,34
Mathlib.ModelTheory.Satisfiability,33
Mathlib.LinearAlgebra.UnitaryGroup,33
Mathlib.SetTheory.Cardinal.Order,32
Mathlib.Analysis.Calculus.Taylor,29
Mathlib.Geometry.Euclidean.Angle.Unoriented.RightAngle,28
Mathlib.Analysis.Asymptotics.Defs,27
Mathlib.SetTheory.Cardinal.Defs,27
Mathlib.Geometry.Manifold.IsManifold.Basic,26
Mathlib.Analysis.Complex.Exponential,26
Mathlib.LinearAlgebra.Eigenspace.Basic,26
Mathlib.NumberTheory.LSeries.RiemannZeta,25
Mathlib.LinearAlgebra.Dual.Defs,25
Mathlib.Analysis.InnerProductSpace.Basic,24
Mathlib.Topology.UniformSpace.Cauchy,24
Mathlib.LinearAlgebra.Projectivization.Basic,23
Mathlib.NumberTheory.Real.Irrational,23
Mathlib.Data.Set.Defs,23
Mathlib.Tactic.ITauto,23
Mathlib.Algebra.Ring.Defs,22
Mathlib.CategoryTheory.Adjunction.Basic,22
Mathlib.Data.Nat.GCD.Basic,22
Mathlib.Analysis.SpecialFunctions.Log.Basic,22
Mathlib.Data.Nat.Digits.Defs,21
Mathlib.Analysis.InnerProductSpace.Defs,21
Mathlib.Algebra.Group.ForwardDiff,21
Mathlib.Topology.Separation.Hausdorff,21
Mathlib.Topology.MetricSpace.Pseudo.Defs,20
Mathlib.NumberTheory.FLT.Basic,20
Mathlib.Probability.ConditionalProbability,20
Mathlib.Analysis.Real.Cardinality,20
Mathlib.Data.Matrix.Mul,20
Mathlib.Probability.Density,20
Mathlib.Analysis.SpecialFunctions.Log.Base,19
Mathlib.LinearAlgebra.CliffordAlgebra.Basic,19
Mathlib.ModelTheory.Semantics,19
Mathlib.Algebra.GCDMonoid.Basic,19
Mathlib.Logic.Function.Basic,18
Mathlib.Topology.Defs.Basic,18
Mathlib.Analysis.SpecialFunctions.Trigonometric.Basic,18
Mathlib.Probability.Distributions.Gaussian.Real,18
Mathlib.NumberTheory.LegendreSymbol.QuadraticReciprocity,17
Mathlib.Topology.MetricSpace.HausdorffDimension,17
Mathlib.Analysis.Calculus.Deriv.Basic,17
Mathlib.Computability.Partrec,17
Mathlib.Logic.Equiv.Defs,17
Mathlib.Order.LiminfLimsup,17
Mathlib.MeasureTheory.Function.LpSeminorm.Defs,17
Mathlib.Data.Complex.Basic,16
Mathlib.NumberTheory.Real.GoldenRatio,16
Mathlib.Logic.Function.Defs,16
Mathlib.SetTheory.Cardinal.Aleph,16
Mathlib.SetTheory.Cardinal.Continuum,16
Mathlib.Analysis.Convolution,16
Mathlib.Data.Fintype.Pigeonhole,16
Mathlib.Computability.Primrec.List,16
Mathlib.Data.Int.GCD,15
Mathlib.Computability.TuringMachine.PostTuringMachine,15
Mathlib.Topology.Defs.Filter,15
Mathlib.Computability.ContextFreeGrammar,15
Mathlib.Analysis.Convex.Basic,15
Mathlib.NumberTheory.Transcendental.Lindemann.AnalyticalPart,15
Mathlib.Combinatorics.SimpleGraph.Coloring.VertexColoring,15
Mathlib.Topology.Compactification.OnePoint.ProjectiveLine,15
Mathlib.Analysis.InnerProductSpace.SingularValues,15
Mathlib.NumberTheory.PythagoreanTriples,14
Mathlib.MeasureTheory.Measure.Lebesgue.VolumeOfBalls,14
Mathlib.Analysis.ODE.PicardLindelof,14
Mathlib.LinearAlgebra.AffineSpace.AffineMap,14
Mathlib.Algebra.Group.End,14
Mathlib.Order.Lattice,14
Mathlib.Data.Nat.Choose.Basic,14
Mathlib.Analysis.Fourier.FourierTransform,14
Mathlib.GroupTheory.Perm.Sign,14
Mathlib.Analysis.InnerProductSpace.Spectrum,14
Mathlib.Computability.NFA,14
Mathlib.RingTheory.Ideal.Maximal,14
Mathlib.Tactic.Sat.FromLRAT,14
Mathlib.RingTheory.Nullstellensatz,13
Mathlib.RingTheory.Spectrum.Prime.Topology,13
Mathlib.Computability.Halting,13
Mathlib.Data.Ordmap.Ordnode,13
Mathlib.Probability.CentralLimitTheorem,13
Mathlib.Data.Fintype.Card,13
Mathlib.Computability.TuringMachine.Computable,13
Mathlib.LinearAlgebra.Dual.Basis,13
Mathlib.Geometry.Manifold.VectorBundle.CovariantDerivative.Basic,13
Mathlib.Analysis.Calculus.LagrangeMultipliers,13
Mathlib.MeasureTheory.MeasurableSpace.Defs,13
Mathlib.ModelTheory.Definability,13
Mathlib.Data.Matrix.Cartan,13
Mathlib.Analysis.Convex.StdSimplex,13
Mathlib.LinearAlgebra.AffineSpace.Simplex.Basic,12
Mathlib.AlgebraicGeometry.EllipticCurve.Affine.Point,12
Mathlib.Logic.Basic,12
Mathlib.Order.BooleanAlgebra.Defs,12
Mathlib.Analysis.Calculus.LocalExtr.Basic,12
Mathlib.Analysis.Calculus.FDeriv.Defs,12
Mathlib.Analysis.Complex.CauchyIntegral,12
Mathlib.Analysis.Distribution.Distribution,12
Mathlib.LinearAlgebra.BilinearForm.Properties,12
Mathlib.Dynamics.Flow,12
Mathlib.Analysis.Fourier.AddCircle,12
Mathlib.Computability.DFA,12
Mathlib.GroupTheory.GroupAction.Defs,12
Mathlib.MeasureTheory.Integral.Lebesgue.Basic,12
Mathlib.Algebra.Module.Projective,12
Mathlib.Data.Set.Basic,12
Mathlib.RingTheory.Ideal.Prime,11
Mathlib.MeasureTheory.Measure.Typeclasses.Probability,11
Mathlib.Algebra.Quaternion,11
Mathlib.RingTheory.Algebraic.Defs,11
Mathlib.Algebra.AlgebraicCard,11
Mathlib.LinearAlgebra.Matrix.Defs,11
Mathlib.SetTheory.ZFC.Basic,11
Mathlib.RingTheory.Polynomial.Bernstein,11
Mathlib.Analysis.VonNeumannAlgebra.Basic,11
Mathlib.CategoryTheory.Category.Basic,11
Mathlib.CategoryTheory.EpiMono,11
Mathlib.Analysis.InnerProductSpace.Harmonic.Basic,11
Mathlib.Algebra.Homology.HomologicalComplex,11
Mathlib.Geometry.Manifold.ChartedSpace,11
Mathlib.Algebra.Module.Defs,11
Mathlib.Algebra.Group.Hom.Defs,11
Mathlib.Data.Real.Basic,10
Mathlib.AlgebraicGeometry.Scheme,10
Mathlib.CategoryTheory.Functor.Basic,10
Mathlib.Order.RelClasses,10
Mathlib.GroupTheory.Coxeter.Matrix,10
Mathlib.Algebra.Lie.Basic,10
Mathlib.Analysis.Distribution.TemperedDistribution,10
Mathlib.Algebra.Polynomial.Basic,10
Mathlib.Analysis.SpecialFunctions.Gamma.Basic,10
Mathlib.LinearAlgebra.Matrix.ToLin,10
Mathlib.MeasureTheory.Integral.DivergenceTheorem,10
Mathlib.MeasureTheory.Constructions.Polish.Basic,10
Mathlib.Order.Zorn,10
Mathlib.Data.Nat.Prime.Defs,9
Mathlib.Algebra.Polynomial.Eval.Defs,9
Mathlib.Algebra.Order.Group.Unbundled.Abs,9
Mathlib.AlgebraicGeometry.ProjectiveSpectrum.Topology,9
Mathlib.Geometry.Manifold.Instances.Sphere,9
Mathlib.NumberTheory.Pell,9
Mathlib.Geometry.Euclidean.Angle.Unoriented.Affine,9
Mathlib.Geometry.Euclidean.Angle.Unoriented.Basic,9
Mathlib.Analysis.SpecialFunctions.Pow.Real,9
Mathlib.NumberTheory.ArithmeticFunction.Misc,9
Mathlib.NumberTheory.ArithmeticFunction.Moebius,9
Mathlib.NumberTheory.LegendreSymbol.JacobiSymbol,9
Mathlib.Topology.MetricSpace.Contracting,9
Mathlib.Data.Countable.Defs,9
Mathlib.Data.Set.Countable,9
Mathlib.LinearAlgebra.Matrix.Charpoly.Basic,9
Mathlib.Analysis.Convex.Hull,9
Mathlib.Logic.Denumerable,9
Mathlib.Geometry.Manifold.VectorField.LieBracket,9
Mathlib.Analysis.Analytic.Basic,9
Mathlib.Geometry.Manifold.Riemannian.Basic,9
Mathlib.Analysis.Complex.UpperHalfPlane.MoebiusAction,9
Mathlib.RepresentationTheory.Basic,9
Mathlib.Combinatorics.SimpleGraph.Metric,9
Mathlib.Analysis.SpecialFunctions.Log.NegMulLog,9
Mathlib.Algebra.EuclideanDomain.Defs,9
Mathlib.Topology.Constructions,9
Mathlib.Analysis.InnerProductSpace.l2Space,9
Mathlib.Analysis.SpecialFunctions.Trigonometric.Series,9
Mathlib.Algebra.Lie.Classical,9
Mathlib.Order.Filter.Extr,9
Mathlib.ModelTheory.Substructures,9
Mathlib.Computability.EpsilonNFA,9
Mathlib.Analysis.InnerProductSpace.Projection.Reflection,9
Mathlib.LinearAlgebra.Matrix.Permutation,9
Mathlib.Combinatorics.Enumerative.Stirling,9
Mathlib.Order.Filter.Defs,9
Mathlib.Data.ZMod.Basic,8
Mathlib.Data.Nat.Fib.Basic,8
Mathlib.RingTheory.PicardGroup,8
Mathlib.Analysis.Complex.Polynomial.Basic,8
Mathlib.Topology.EMetricSpace.BoundedVariation,8
Mathlib.Data.Nat.Factors,8
Mathlib.Data.Nat.Factorization.Defs,8
Mathlib.SetTheory.ZFC.Class,8
Mathlib.Probability.Kernel.Posterior,8
Mathlib.Topology.Order.IntermediateValue,8
Mathlib.CategoryTheory.Endomorphism,8
Mathlib.LinearAlgebra.Matrix.Adjugate,8
Mathlib.LinearAlgebra.Lagrange,8
Mathlib.Topology.Compactness.Compact,8
Mathlib.Computability.Language,8
Mathlib.Probability.Independence.Basic,8
Mathlib.Geometry.Manifold.Diffeomorph,8
Mathlib.Topology.MetricSpace.Isometry,8
Mathlib.Geometry.Manifold.VectorBundle.ContMDiffSection,8
Mathlib.MeasureTheory.Integral.IntervalIntegral.FundThmCalculus,8
Mathlib.Order.Defs.PartialOrder,8
Mathlib.NumberTheory.Dioph,8
Mathlib.Analysis.Distribution.TestFunction,8
Mathlib.Analysis.InnerProductSpace.Dual,8
Mathlib.RingTheory.PrincipalIdealDomain,8
Mathlib.Topology.FiberBundle.Basic,8
Mathlib.Probability.Distributions.Gamma,8
Mathlib.Topology.Separation.Regular,8
Mathlib.Algebra.Group.Action.Defs,8
Mathlib.MeasureTheory.Measure.Haar.Basic,8
Mathlib.Probability.Moments.ComplexMGF,8
Mathlib.Geometry.Manifold.VectorBundle.Tangent,8
Mathlib.Order.InitialSeg,8
Mathlib.GroupTheory.Perm.Cycle.Type,8
Mathlib.Order.Monotone.Defs,8
Mathlib.LinearAlgebra.RootSystem.Defs,8
Mathlib.NumberTheory.ModularForms.JacobiTheta.TwoVariable,8
Mathlib.Algebra.GroupWithZero.Defs,7
Mathlib.Algebra.BigOperators.Group.Finset.Defs,7
Mathlib.Data.Nat.Factorial.Basic,7
Mathlib.FieldTheory.AbelRuffini,7
Mathlib.Algebra.Group.Int.Defs,7
Mathlib.GroupTheory.FiniteAbelian.Basic,7
Mathlib.Data.Real.Sqrt,7
Mathlib.Analysis.SpecialFunctions.Complex.Arg,7
Mathlib.Geometry.Manifold.PoincareConjecture,7
Mathlib.AlgebraicGeometry.EllipticCurve.Weierstrass,7
Mathlib.Analysis.Real.Pi.Bounds,7
Mathlib.Data.Nat.Prime.Infinite,7
Mathlib.LinearAlgebra.AffineSpace.Slope,7
Mathlib.CategoryTheory.Types.Basic,7
Mathlib.Topology.Order.LocalExtr,7
Mathlib.LinearAlgebra.Basis.Defs,7
Mathlib.CategoryTheory.SingleObj,7
Mathlib.Computability.RE,7
Mathlib.Geometry.Manifold.Riemannian.PathELength,7
Mathlib.Analysis.Complex.UpperHalfPlane.Metric,7
Mathlib.Combinatorics.SimpleGraph.LapMatrix,7
Mathlib.LinearAlgebra.CrossProduct,7
Mathlib.Analysis.SpecialFunctions.Complex.Log,7
Mathlib.FieldTheory.Finite.Basic,7
Mathlib.CategoryTheory.Yoneda,7
Mathlib.Topology.Bases,7
Mathlib.Analysis.SpecialFunctions.Complex.Arctan,7
Mathlib.Algebra.Homology.SpectralSequence.Basic,7
Mathlib.Algebra.Module.LinearMap.Defs,7
Mathlib.MeasureTheory.Integral.IntervalIntegral.Basic,7
Mathlib.Algebra.Lie.OfAssociative,7
Mathlib.Analysis.Matrix.Spectrum,7
Mathlib.Algebra.Algebra.Spectrum.Basic,7
Mathlib.Probability.StrongLaw,7
Mathlib.Probability.Distributions.Uniform,7
Mathlib.Algebra.Group.Nat.Defs,7
Mathlib.Analysis.SpecialFunctions.Log.Deriv,7
Mathlib.Probability.Distributions.Poisson.Basic,7
Mathlib.Combinatorics.Pigeonhole,7
Mathlib.GroupTheory.PresentedGroup,7
Mathlib.Analysis.SpecialFunctions.PolarCoord,7
Mathlib.Topology.VectorBundle.Basic,7
Mathlib.GroupTheory.SpecificGroups.Cyclic,6
Mathlib.GroupTheory.OrderOfElement,6
Mathlib.Algebra.Field.Defs,6
Mathlib.LinearAlgebra.Matrix.Transvection,6
Mathlib.NumberTheory.LegendreSymbol.Basic,6
Mathlib.Probability.Decision.Risk.Defs,6
Mathlib.NumberTheory.Divisors,6
Mathlib.Analysis.CStarAlgebra.Spectrum,6
Mathlib.Analysis.InnerProductSpace.Rayleigh,6
Mathlib.ModelTheory.Skolem,6
Mathlib.LinearAlgebra.Matrix.Charpoly.Coeff,6
Mathlib.Data.Nat.ChineseRemainder,6
Mathlib.Data.Nat.ModEq,6
Mathlib.Analysis.Calculus.Gradient.Basic,6
Mathlib.Combinatorics.SimpleGraph.Maps,6
Mathlib.Topology.Connected.Basic,6
Mathlib.Analysis.Fourier.Convolution,6
Mathlib.Topology.VectorBundle.Riemannian,6
Mathlib.Analysis.Normed.Algebra.Exponential,6
Mathlib.InformationTheory.KullbackLeibler.Basic,6
Mathlib.Algebra.EuclideanDomain.Basic,6
Mathlib.MeasureTheory.Measure.Lebesgue.EqHaar,6
Mathlib.Analysis.SpecialFunctions.ExpDeriv,6
Mathlib.MeasureTheory.Measure.Hausdorff,6
Mathlib.Topology.Order,6
Mathlib.Topology.Continuous,6
Mathlib.Topology.Sequences,6
Mathlib.Combinatorics.SimpleGraph.LineGraph,6
Mathlib.CategoryTheory.Action.Basic,6
Mathlib.LinearAlgebra.Matrix.Determinant.Basic,6
Mathlib.Algebra.FreeMonoid.Basic,6
Mathlib.Analysis.Complex.Circle,6
Mathlib.Analysis.SpecialFunctions.Trigonometric.Inverse,6
Mathlib.RingTheory.KrullDimension.Basic,6
Mathlib.MeasureTheory.Integral.Bochner.Basic,6
Mathlib.MeasureTheory.Measure.Lebesgue.Basic,6
Mathlib.LinearAlgebra.QuadraticForm.Basic,6
Mathlib.Analysis.SpecialFunctions.Integrals.Basic,6
Mathlib.SetTheory.ZFC.Ordinal,6
Mathlib.Data.Int.Log,6
Mathlib.SetTheory.Ordinal.Arithmetic,6
Mathlib.Data.Fintype.Perm,6
Mathlib.Geometry.Polygon.Basic,6
Mathlib.RingTheory.PowerSeries.Basic,6
Mathlib.Analysis.Analytic.ConvergenceRadius,6
Mathlib.Probability.ProbabilityMassFunction.Basic,6
Mathlib.RingTheory.Spectrum.Prime.FreeLocus,6
Mathlib.Analysis.Calculus.FDeriv.Basic,6
Mathlib.LinearAlgebra.RootSystem.Base,6
Mathlib.Combinatorics.Configuration,5
Mathlib.Analysis.Complex.Norm,5
Mathlib.Analysis.Calculus.Deriv.Abs,5
Mathlib.Analysis.Normed.Module.Basic,5
Mathlib.Algebra.Algebra.Defs,5
Mathlib.AlgebraicGeometry.AffineScheme,5
Mathlib.RingTheory.Algebraic.Basic,5
Mathlib.NumberTheory.NumberField.DedekindZeta,5
Mathlib.NumberTheory.DiophantineApproximation.Basic,5
Mathlib.NumberTheory.Zsqrtd.Basic,5
Mathlib.AlgebraicTopology.FundamentalGroupoid.FundamentalGroup,5
Mathlib.Algebra.Homology.ShortComplex.HomologicalComplex,5
Mathlib.Geometry.Euclidean.Angle.Sphere,5
Mathlib.NumberTheory.ArithmeticFunction.Defs,5
Mathlib.Data.Nat.Totient,5
Mathlib.Logic.Godel.GodelBetaFunction,5
Mathlib.Probability.Moments.Basic,5
Mathlib.Probability.Distributions.Poisson.PoissonLimitThm,5
Mathlib.Order.BooleanAlgebra.Set,5
Mathlib.Algebra.Star.SelfAdjoint,5
Mathlib.Analysis.Calculus.DerivativeTest,5
Mathlib.SetTheory.Cardinal.Regular,5
Mathlib.CategoryTheory.Iso,5
Mathlib.Computability.Ackermann,5
Mathlib.Computability.PartrecCode,5
Mathlib.Analysis.Convex.Combination,5
Mathlib.MeasureTheory.Group.Convolution,5
Mathlib.Topology.Algebra.InfiniteSum.DiscreteConvolution,5
Mathlib.Algebra.Polynomial.Coeff,5
Mathlib.Probability.CDF,5
Mathlib.GroupTheory.Coxeter.Basic,5
Mathlib.Analysis.Calculus.ContDiff.Defs,5
Mathlib.LinearAlgebra.ExteriorAlgebra.Basic,5
Mathlib.LinearAlgebra.CliffordAlgebra.SpinGroup,5
Mathlib.Algebra.BigOperators.Group.Finset.Basic,5
Mathlib.AlgebraicTopology.AlternatingFaceMapComplex,5
Mathlib.Topology.MetricSpace.Defs,5
Mathlib.Topology.Algebra.Module.LinearMap,5
Mathlib.AlgebraicGeometry.EllipticCurve.NormalForms,5
Mathlib.AlgebraicGeometry.EllipticCurve.LFunction,5
Mathlib.Analysis.SpecialFunctions.Elliptic.Weierstrass,5
Mathlib.Data.Nat.Factorization.Basic,5
Mathlib.Geometry.Euclidean.Sphere.Basic,5
Mathlib.NumberTheory.Harmonic.EulerMascheroni,5
Mathlib.FieldTheory.Finite.GaloisField,5
Mathlib.Topology.Separation.Basic,5
Mathlib.GroupTheory.GroupAction.Quotient,5
Mathlib.Data.Rel,5
Mathlib.CategoryTheory.Monoidal.Closed.Basic,5
Mathlib.LinearAlgebra.TensorProduct.Basic,5
Mathlib.Algebra.Module.LinearMap.End,5
Mathlib.Analysis.SpecialFunctions.BinaryEntropy,5
Mathlib.RingTheory.Ideal.Height,5
Mathlib.Analysis.Analytic.ChangeOrigin,5
Mathlib.Analysis.InnerProductSpace.Projection.Basic,5
Mathlib.MeasureTheory.Measure.Typeclasses.NoAtoms,5
Mathlib.LinearAlgebra.Matrix.NonsingularInverse,5
Mathlib.Data.Nat.Init,5
Mathlib.MeasureTheory.Integral.Average,5
Mathlib.Analysis.MeanInequalities,5
Mathlib.ModelTheory.Types,5
Mathlib.Topology.Algebra.InfiniteSum.Defs,5
Mathlib.MeasureTheory.Integral.IntervalIntegral.TrapezoidalRule,5
Mathlib.SetTheory.Ordinal.Family,5
Mathlib.Order.Bounds.Defs,5
Mathlib.GroupTheory.Perm.Cycle.Basic,5
Mathlib.GroupTheory.Perm.Support,5
Mathlib.GroupTheory.RegularWreathProduct,5
Mathlib.LinearAlgebra.Projectivization.Subspace,5
Mathlib.LinearAlgebra.Matrix.GeneralLinearGroup.Projective,5
Mathlib.LinearAlgebra.Contraction,5
Mathlib.LinearAlgebra.RootSystem.IsValuedIn,5
Mathlib.Analysis.InnerProductSpace.Symmetric,5
Mathlib.LinearAlgebra.TensorProduct.Defs,5
Mathlib.Order.Basic,5
Mathlib.Analysis.Normed.Group.Basic,5
Mathlib.Algebra.Group.Basic,4
Mathlib.Algebra.GroupWithZero.Basic,4
Mathlib.SetTheory.Cardinal.Basic,4
Mathlib.Algebra.Group.Units.Defs,4
Mathlib.Algebra.Group.Pointwise.Set.Basic,4
Mathlib.NumberTheory.SumFourSquares,4
Mathlib.LinearAlgebra.FreeModule.PID,4
Mathlib.Algebra.Order.AbsoluteValue.Basic,4
Mathlib.NumberTheory.Zsqrtd.GaussianInt,4
Mathlib.GroupTheory.MonoidLocalization.GrothendieckGroup,4
Mathlib.LinearAlgebra.FreeModule.Basic,4
Mathlib.Algebra.MvPolynomial.Basic,4
Mathlib.FieldTheory.AlgebraicClosure,4
Mathlib.RingTheory.ClassGroup,4
Mathlib.NumberTheory.NumberField.ClassNumber,4
Mathlib.NumberTheory.NumberField.InfinitePlace.Basic,4
Mathlib.AlgebraicTopology.SingularHomology.Basic,4
Mathlib.Algebra.Quandle,4
Mathlib.Computability.TuringMachine.ToPartrec,4
Mathlib.NumberTheory.PrimeCounting,4
Mathlib.Combinatorics.Enumerative.Partition.Basic,4
Mathlib.Geometry.Manifold.VectorBundle.Basic,4
Mathlib.Analysis.Calculus.InverseFunctionTheorem.FDeriv,4
Mathlib.MeasureTheory.Measure.LogLikelihoodRatio,4
Mathlib.Analysis.SpecificLimits.Normed,4
Mathlib.Analysis.Asymptotics.AsymptoticEquivalent,4
Mathlib.NumberTheory.Harmonic.ZetaAsymp,4
Mathlib.Probability.Distributions.Binomial,4
Mathlib.Algebra.Ring.BooleanRing,4
Mathlib.Analysis.CStarAlgebra.Classes,4
Mathlib.Analysis.CStarAlgebra.Basic,4
Mathlib.Analysis.CStarAlgebra.ContinuousFunctionalCalculus.Instances,4
Mathlib.Analysis.SpecialFunctions.Trigonometric.Arctan,4
Mathlib.Topology.Instances.CantorSet,4
Mathlib.Data.Finset.Card,4
Mathlib.Algebra.Polynomial.Div,4
Mathlib.Dynamics.Transitive,4
Mathlib.RingTheory.Ideal.Quotient.Operations,4
Mathlib.RingTheory.Ideal.Operations,4
Mathlib.Analysis.Calculus.IteratedDeriv.Defs,4
Mathlib.Topology.UniformSpace.Completion,4
Mathlib.Computability.Reduce,4
Mathlib.Algebra.Group.Conj,4
Mathlib.Analysis.Convex.Extreme,4
Mathlib.Analysis.Calculus.ContDiff.Convolution,4
Mathlib.Geometry.Manifold.LocalDiffeomorph,4
Mathlib.Analysis.Fourier.ZMod,4
Mathlib.Analysis.InnerProductSpace.Adjoint,4
Mathlib.AlgebraicGeometry.EllipticCurve.Affine.Formula,4
Mathlib.Algebra.Group.Equiv.Defs,4
Mathlib.Topology.MetricSpace.Similarity,4
Mathlib.Probability.Distributions.Exponential,4
Mathlib.CategoryTheory.FiberedCategory.BasedCategory,4
Mathlib.Topology.Sheaves.Presheaf,4
Mathlib.Topology.Order.Basic,4
Mathlib.Topology.Connected.PathConnected,4
Mathlib.Topology.Homeomorph.Defs,4
Mathlib.Topology.MetricSpace.Bounded,4
Mathlib.Topology.Metrizable.Basic,4
Mathlib.MeasureTheory.Measure.MeasureSpaceDef,4
Mathlib.Combinatorics.SimpleGraph.Bipartite,4
Mathlib.Combinatorics.SimpleGraph.Clique,4
Mathlib.Algebra.Group.Action.End,4
Mathlib.Algebra.Module.Equiv.Basic,4
Mathlib.RingTheory.SimpleModule.Basic,4
Mathlib.GroupTheory.Perm.Cycle.Factors,4
Mathlib.Analysis.Real.Pi.Leibniz,4
Mathlib.Topology.Homotopy.Lifting,4
Mathlib.Data.Set.Operations,4
Mathlib.Analysis.SpecialFunctions.Trigonometric.Deriv,4
Mathlib.Analysis.SpecificLimits.Basic,4
Mathlib.NumberTheory.Bernoulli,4
Mathlib.Algebra.Ring.Int.Defs,4
Mathlib.LinearAlgebra.Eigenspace.Triangularizable,4
Mathlib.RingTheory.KrullDimension.Polynomial,4
Mathlib.Probability.Moments.IntegrableExpMul,4
Mathlib.Analysis.Fourier.FourierTransformDeriv,4
Mathlib.Algebra.Divisibility.Basic,4
Mathlib.RingTheory.UniqueFactorizationDomain.FactorSet,4
Mathlib.MeasureTheory.Function.SimpleFunc,4
Mathlib.LinearAlgebra.Basis.VectorSpace,4
Mathlib.Algebra.GroupWithZero.Units.Equiv,4
Mathlib.Analysis.Convex.Extrema,4
Mathlib.MeasureTheory.Function.LpSpace.Basic,4
Mathlib.Topology.Order.Compact,4
Mathlib.RingTheory.Flat.Basic,4
Mathlib.LinearAlgebra.AffineSpace.Centroid,4
Mathlib.Geometry.Euclidean.Circumcenter,4
Mathlib.Probability.Distributions.Cauchy,4
Mathlib.Geometry.Manifold.MFDeriv.Defs,4
Mathlib.ModelTheory.Ultraproducts,4
Mathlib.Data.Nat.Digits.Div,4
Mathlib.Data.Nat.Digits.Lemmas,4
Mathlib.SetTheory.Cardinal.Cofinality.Ordinal,4
Mathlib.Analysis.Normed.Affine.Isometry,4
Mathlib.RingTheory.Polynomial.Pochhammer,4
Mathlib.Algebra.Polynomial.Degree.Defs,4
Mathlib.Analysis.Calculus.FDeriv.Analytic,4
Mathlib.GroupTheory.SpecificGroups.Dihedral,4
Mathlib.LinearAlgebra.Projectivization.Cardinality,4
Mathlib.Analysis.Complex.Liouville,4
Mathlib.NumberTheory.LSeries.HurwitzZetaValues,4
Mathlib.RingTheory.MvPolynomial.Symmetric.Defs,4
Mathlib.LinearAlgebra.RootSystem.Finite.Lemmas,4
Mathlib.Dynamics.Ergodic.MeasurePreserving,4
Mathlib.Geometry.Manifold.IsManifold.InteriorBoundary,4
Mathlib.RingTheory.Ideal.Cotangent,4
Mathlib.Combinatorics.Tiling.Tile,4
Mathlib.Algebra.Group.Even,3
Mathlib.Algebra.Group.EvenFunction,3
Mathlib.Algebra.Field.ZMod,3
Mathlib.Algebra.Group.Subgroup.Defs,3
Mathlib.GroupTheory.Finiteness,3
Mathlib.GroupTheory.Torsion,3
Mathlib.GroupTheory.Perm.Subgroup,3
Mathlib.RingTheory.SimpleModule.WedderburnArtin,3
Mathlib.RingTheory.LocalRing.Module,3
Mathlib.LinearAlgebra.Matrix.GeneralLinearGroup.Defs,3
Mathlib.LinearAlgebra.AffineSpace.Defs,3
Mathlib.Topology.NoetherianSpace,3
Mathlib.FieldTheory.Minpoly.Basic,3
Mathlib.NumberTheory.FLT.Three,3
Mathlib.NumberTheory.NumberField.Units.DirichletTheorem,3
Mathlib.NumberTheory.SumTwoSquares,3
Mathlib.GroupTheory.FreeGroup.NielsenSchreier,3
Mathlib.Analysis.Convex.SimplicialComplex.Basic,3
Mathlib.Order.Completion,3
Mathlib.Analysis.SpecialFunctions.Trigonometric.Angle,3
Mathlib.Geometry.Euclidean.Angle.Oriented.Affine,3
Mathlib.Analysis.InnerProductSpace.TwoDim,3
Mathlib.MeasureTheory.Measure.Haar.OfBasis,3
Mathlib.Data.ZMod.Defs,3
Mathlib.NumberTheory.ArithmeticFunction.Liouville,3
Mathlib.NumberTheory.ArithmeticFunction.Carmichael,3
Mathlib.NumberTheory.LSeries.Dirichlet,3
Mathlib.Algebra.Order.CompleteField,3
Mathlib.Dynamics.Newton,3
Mathlib.Data.Setoid.Basic,3
Mathlib.Probability.ProbabilityMassFunction.Binomial,3
Mathlib.Order.Filter.Ultrafilter.Defs,3
Mathlib.Analysis.CStarAlgebra.ContinuousMap,3
Mathlib.Analysis.CStarAlgebra.ContinuousLinearMap,3
Mathlib.Analysis.Calculus.LineDeriv.Basic,3
Mathlib.Analysis.Normed.Operator.NormedSpace,3
Mathlib.SetTheory.Cardinal.SchroederBernstein,3
Mathlib.Data.Rat.Defs,3
Mathlib.SetTheory.Cardinal.Finite,3
Mathlib.Data.Finite.Defs,3
Mathlib.SetTheory.Cardinal.Arithmetic,3
Mathlib.Combinatorics.Quiver.Basic,3
Mathlib.CategoryTheory.Products.Basic,3
Mathlib.CategoryTheory.Abelian.Basic,3
Mathlib.Topology.ContinuousMap.Bounded.Basic,3
Mathlib.NumberTheory.Padics.PadicNumbers,3
Mathlib.Topology.MetricSpace.Polish,3
Mathlib.ModelTheory.Arithmetic.Presburger.Basic,3
Mathlib.Analysis.Convex.Function,3
Mathlib.Analysis.Convex.KreinMilman,3
Mathlib.Probability.Distributions.Gaussian.Multivariate,3
Mathlib.Probability.Moments.Covariance,3
Mathlib.GroupTheory.Coxeter.Length,3
Mathlib.Combinatorics.SimpleGraph.Basic,3
Mathlib.Analysis.SpecialFunctions.Trigonometric.Chebyshev.Basic,3
Mathlib.Analysis.Normed.Algebra.QuaternionExponential,3
Mathlib.Analysis.Calculus.LocalExtr.Rolle,3
Mathlib.Analysis.Calculus.Deriv.MeanValue,3
Mathlib.Analysis.ODE.Basic,3
Mathlib.Algebra.LinearRecurrence,3
Mathlib.Analysis.Normed.Operator.Conformal,3
Mathlib.Geometry.Manifold.DerivationBundle,3
Mathlib.Combinatorics.SimpleGraph.Acyclic,3
Mathlib.Logic.Relation,3
Mathlib.Order.Extension.Linear,3
Mathlib.Analysis.BoxIntegral.Basic,3
Mathlib.AlgebraicTopology.SimplicialComplex.Basic,3
Mathlib.InformationTheory.Hamming,3
Mathlib.RingTheory.Spectrum.Prime.Defs,3
Mathlib.Topology.MetricSpace.HausdorffDistance,3
Mathlib.Analysis.Distribution.Support,3
Mathlib.Analysis.Distribution.SchwartzSpace.Basic,3
Mathlib.LinearAlgebra.Dual.Lemmas,3
Mathlib.AlgebraicGeometry.EllipticCurve.Affine.Basic,3
Mathlib.Algebra.ContinuedFractions.Computation.Basic,3
Mathlib.Analysis.SpecialFunctions.Complex.LogBounds,3
Mathlib.NumberTheory.FLT.Four,3
Mathlib.CategoryTheory.FiberedCategory.Cartesian,3
Mathlib.CategoryTheory.FiberedCategory.Fibered,3
Mathlib.CategoryTheory.Bicategory.Functor.Pseudofunctor,3
Mathlib.ModelTheory.Complexity,3
Mathlib.ModelTheory.Order,3
Mathlib.Analysis.Fourier.Inversion,3
Mathlib.CategoryTheory.Functor.Hom,3
Mathlib.Topology.Sion,3
Mathlib.Topology.Defs.Induced,3
Mathlib.Topology.Defs.Sequences,3
Mathlib.Topology.Compactness.Lindelof,3
Mathlib.Topology.MetricSpace.Pseudo.Basic,3
Mathlib.Topology.Connected.TotallyDisconnected,3
Mathlib.Topology.Path,3
Mathlib.Geometry.Manifold.VectorBundle.CovariantDerivative.Torsion,3
Mathlib.ModelTheory.Algebra.Field.IsAlgClosed,3
Mathlib.Combinatorics.Matroid.Minor.Order,3
Mathlib.Combinatorics.Matroid.Minor.Contract,3
Mathlib.Algebra.Group.Action.Faithful,3
Mathlib.GroupTheory.GroupAction.Basic,3
Mathlib.LinearAlgebra.Projectivization.Action,3
Mathlib.GroupTheory.GroupAction.Hom,3
Mathlib.Topology.SmallInductiveDimension,3
Mathlib.Algebra.Ring.Commute,3
Mathlib.Algebra.Polynomial.Inductions,3
Mathlib.Data.Nat.Choose.Sum,3
Mathlib.NumberTheory.LucasLehmer,3
Mathlib.LinearAlgebra.GeneralLinearGroup.Basic,3
Mathlib.CategoryTheory.ConcreteCategory.EpiMono,3
Mathlib.Algebra.Category.Ring.Instances,3
Mathlib.RingTheory.TensorProduct.Basic,3
Mathlib.Topology.ContinuousMap.Weierstrass,3
Mathlib.LinearAlgebra.Eigenspace.Zero,3
Mathlib.LinearAlgebra.Semisimple,3
Mathlib.LinearAlgebra.AffineSpace.AffineEquiv,3
Mathlib.RingTheory.Ideal.KrullsHeightTheorem,3
Mathlib.Analysis.MellinTransform,3
Mathlib.Analysis.InnerProductSpace.Laplacian,3
Mathlib.MeasureTheory.OuterMeasure.Caratheodory,3
Mathlib.MeasureTheory.Measure.NullMeasurable,3
Mathlib.MeasureTheory.Group.Measure,3
Mathlib.RingTheory.Derivation.Basic,3
Mathlib.Algebra.Lie.Solvable,3
Mathlib.Algebra.Lie.Semisimple.Defs,3
Mathlib.Algebra.Module.Submodule.Defs,3
Mathlib.Algebra.Module.Submodule.Range,3
Mathlib.LinearAlgebra.Span.Defs,3
Mathlib.LinearAlgebra.Dimension.Constructions,3
Mathlib.LinearAlgebra.FiniteDimensional.Lemmas,3
Mathlib.LinearAlgebra.AffineSpace.AffineSubspace.Defs,3
Mathlib.Analysis.Convex.Cone.Dual,3
Mathlib.Geometry.Euclidean.Projection,3
Mathlib.Combinatorics.Optimization.ValuedCSP,3
Mathlib.LinearAlgebra.BilinearForm.Isometry,3
Mathlib.LinearAlgebra.BilinearForm.Orthogonal,3
Mathlib.NumberTheory.EulerProduct.DirichletLSeries,3
Mathlib.ModelTheory.Algebra.Ring.Basic,3
Mathlib.ModelTheory.ElementarySubstructures,3
Mathlib.Algebra.Module.Submodule.Ker,3
Mathlib.Algebra.Group.Submonoid.Membership,3
Mathlib.Analysis.Normed.Lp.lpSpace,3
Mathlib.Order.SuccPred.Basic,3
Mathlib.SetTheory.Ordinal.Topology,3
Mathlib.Algebra.Polynomial.Roots,3
Mathlib.Order.Preorder.Chain,3
Archive.Wiedijk100Theorems.PerfectNumbers,3
Mathlib.NumberTheory.FactorisationProperties,3
Mathlib.Data.Fintype.CardEmbedding,3
Mathlib.GroupTheory.Perm.Basic,3
Mathlib.Algebra.Polynomial.Degree.Support,3
Mathlib.FieldTheory.RatFunc.Defs,3
Mathlib.Topology.Algebra.Polynomial,3
Mathlib.Analysis.Analytic.Constructions,3
Mathlib.RingTheory.Ideal.Quotient.Basic,3
Mathlib.RingTheory.Ideal.MinimalPrime.Basic,3
Mathlib.Probability.UniformOn,3
Mathlib.MeasureTheory.Function.ConvergenceInDistribution,3
Mathlib.Geometry.Euclidean.PerpBisector,3
Mathlib.Computability.RegularExpressions,3
Mathlib.Topology.Compactification.OnePoint.Basic,3
Mathlib.Algebra.Lie.Weights.RootSystem,3
Mathlib.Topology.Algebra.Module.LinearPMap,3
Mathlib.Analysis.InnerProductSpace.LinearPMap,3
Mathlib.Data.Stream.Defs,3
Mathlib.CategoryTheory.Sites.Sheaf,3
Mathlib.Algebra.Star.Basic,3
Mathlib.MeasureTheory.MeasurableSpace.CountablyGenerated,3
Mathlib.GroupTheory.Solvable,3
Mathlib.FieldTheory.PolynomialGaloisGroup,3
Mathlib.GroupTheory.SpecificGroups.Alternating,3
Mathlib.LinearAlgebra.Matrix.Symmetric,3
Mathlib.Order.Defs.Unbundled,3
Mathlib.Analysis.Complex.TaylorSeries,3
Mathlib.Order.Defs.LinearOrder,3
Mathlib.NumberTheory.Transcendental.Liouville.Basic,3
Mathlib.Topology.VectorBundle.Constructions,3
Mathlib.Algebra.Group.Pi.Basic,2
Mathlib.Data.Nat.Cast.Defs,2
Mathlib.Data.Nat.Prime.Basic,2
Mathlib.GroupTheory.SpecificGroups.KleinFour,2
Mathlib.GroupTheory.SpecificGroups.Alternating.Simple,2
Mathlib.NumberTheory.Fermat,2
Mathlib.Algebra.Lie.SerreConstruction,2
Mathlib.Algebra.Group.PUnit,2
Mathlib.GroupTheory.SpecificGroups.Cyclic.Basic,2
Mathlib.Algebra.Module.NatInt,2
Mathlib.LinearAlgebra.Dimension.Basic,2
Mathlib.LinearAlgebra.Dimension.Torsion.Finite,2
Mathlib.GroupTheory.Subgroup.Center,2
Mathlib.GroupTheory.PGroup,2
Mathlib.Algebra.Category.Grp.Injective,2
Mathlib.Algebra.Category.Grp.Abelian,2
Mathlib.Analysis.Normed.Group.Defs,2
Mathlib.Analysis.Normed.Group.Real,2
Mathlib.GroupTheory.Sylow,2
Mathlib.Algebra.Lie.Semisimple.Basic,2
Mathlib.RingTheory.DedekindDomain.Ideal.Basic,2
Mathlib.RingTheory.Polynomial.Basic,2
Mathlib.FieldTheory.IntermediateField.Basic,2
Mathlib.LinearAlgebra.Matrix.SpecialLinearGroup,2
Mathlib.Topology.Irreducible,2
Mathlib.Topology.TietzeExtension,2
Mathlib.AlgebraicGeometry.Birational.RationalMap,2
Mathlib.RingTheory.Algebraic.Integral,2
Mathlib.FieldTheory.IntermediateField.Adjoin.Basic,2
Mathlib.NumberTheory.NumberField.Basic,2
Mathlib.Algebra.GroupWithZero.Associated,2
Mathlib.Algebra.Group.Irreducible.Defs,2
Mathlib.NumberTheory.NumberField.InfinitePlace.TotallyRealComplex,2
Mathlib.NumberTheory.NumberField.CanonicalEmbedding.Basic,2
Mathlib.Algebra.Group.Int.Units,2
Mathlib.Topology.Homotopy.HomotopyGroup,2
Mathlib.AlgebraicGeometry.Properties,2
Mathlib.AlgebraicGeometry.Morphisms.ClosedImmersion,2
Mathlib.RingTheory.Grassmannian,2
Mathlib.AlgebraicGeometry.ProjectiveSpectrum.Proper,2
Mathlib.Data.List.Sort,2
Mathlib.NumberTheory.LSeries.PrimesInAP,2
Mathlib.Algebra.Ring.Parity,2
Mathlib.Data.Int.ModEq,2
Mathlib.Geometry.Euclidean.Angle.Oriented.Basic,2
Mathlib.Data.Rat.Basic,2
Mathlib.Algebra.Order.Round,2
Mathlib.NumberTheory.Chebyshev,2
Mathlib.Topology.Algebra.InfiniteSum.Ring,2
Mathlib.Probability.Distributions.Beta,2
Mathlib.Analysis.Asymptotics.Lemmas,2
Mathlib.Analysis.SpecialFunctions.Pow.Asymptotics,2
Mathlib.Logic.Equiv.Set,2
Mathlib.Analysis.SpecialFunctions.Exp,2
Mathlib.Data.Set.Image,2
Mathlib.Data.Ordmap.Invariants,2
Mathlib.Data.Tree.Basic,2
Mathlib.Probability.ProbabilityMassFunction.Constructions,2
Mathlib.Order.Heyting.Basic,2
Mathlib.Order.Hom.BoundedLattice,2
Mathlib.Order.Hom.Basic,2
Mathlib.Order.Ideal,2
Mathlib.Order.PrimeIdeal,2
Mathlib.Algebra.Star.StarAlgHom,2
Mathlib.Analysis.CStarAlgebra.GelfandNaimarkSegal,2
Mathlib.Algebra.Order.Module.PositiveLinearMap,2
Mathlib.Data.Rat.Cardinal,2
Mathlib.Analysis.Real.OfDigits,2
Mathlib.LinearAlgebra.AffineSpace.Basis,2
Mathlib.CategoryTheory.EssentiallySmall,2
Mathlib.AlgebraicTopology.FundamentalGroupoid.Basic,2
Mathlib.Algebra.Category.Grp.Basic,2
Mathlib.CategoryTheory.Category.Cat,2
Mathlib.CategoryTheory.Functor.Category,2
Mathlib.CategoryTheory.Opposites,2
Mathlib.CategoryTheory.Comma.Over.Basic,2
Mathlib.CategoryTheory.Preadditive.Basic,2
Mathlib.CategoryTheory.Limits.HasLimits,2
Mathlib.LinearAlgebra.Charpoly.Basic,2
Mathlib.RingTheory.Idempotents,2
Mathlib.LinearAlgebra.LinearIndependent.Basic,2
Mathlib.Analysis.Normed.Operator.Banach,2
Mathlib.Topology.UniformSpace.Real,2
Mathlib.Topology.UniformSpace.Pi,2
Mathlib.Topology.Baire.CompleteMetrizable,2
Mathlib.Topology.MetricSpace.Completion,2
Mathlib.Topology.Metrizable.CompletelyMetrizable,2
Mathlib.Computability.RecursiveIn,2
Mathlib.GroupTheory.ClassEquation,2
Mathlib.Analysis.Convex.Strict.Extreme,2
Mathlib.Analysis.Convex.Topology,2
Mathlib.Analysis.LocallyConvex.Separation,2
Mathlib.Analysis.Convex.Star,2
Mathlib.Order.Interval.Set.Defs,2
Mathlib.MeasureTheory.Measure.WithDensity,2
Mathlib.Order.Defs,2
Mathlib.LinearAlgebra.RootSystem.WeylGroup,2
Mathlib.Geometry.Manifold.ContMDiff.Defs,2
Mathlib.Analysis.Calculus.Deriv.Pow,2
Mathlib.Analysis.Calculus.MeanValue,2
Mathlib.Analysis.ODE.Gronwall,2
Mathlib.Combinatorics.SimpleGraph.Paths,2
Mathlib.Order.Cover,2
Mathlib.Analysis.Normed.Lp.PiLp,2
Mathlib.Algebra.Notation.Defs,2
Mathlib.Analysis.Distribution.AEEqOfIntegralContDiff,2
Mathlib.MeasureTheory.Integral.RieszMarkovKakutani.Real,2
Mathlib.Topology.Algebra.Module.Spaces.CompactConvergenceCLM,2
Mathlib.LinearAlgebra.Dimension.ErdosKaplansky,2
Mathlib.LinearAlgebra.Matrix.Dual,2
Mathlib.Analysis.Normed.Module.DoubleDual,2
Mathlib.Algebra.Order.Ring.Unbundled.Basic,2
Mathlib.LinearAlgebra.Dimension.Free,2
Mathlib.Algebra.Group.Action.Equidecomp,2
Mathlib.Algebra.GCDMonoid.Finset,2
Mathlib.Data.Int.Lemmas,2
Mathlib.RingTheory.Ideal.Span,2
Mathlib.Algebra.Polynomial.FieldDivision,2
Mathlib.Topology.MetricSpace.Congruence,2
Mathlib.Analysis.SpecialFunctions.Pow.Complex,2
Mathlib.Data.Nat.Factorial.BigOperators,2
Mathlib.NumberTheory.FermatPsp,2
Mathlib.CategoryTheory.Grothendieck,2
Mathlib.CategoryTheory.FiberedCategory.Cocartesian,2
Mathlib.Combinatorics.SimpleGraph.Finsubgraph,2
Mathlib.Algebra.Category.MonCat.Adjunctions,2
Mathlib.Topology.Homeomorph.Lemmas,2
Mathlib.Geometry.Manifold.WhitneyEmbedding,2
Mathlib.Topology.Connected.Clopen,2
Mathlib.Topology.Baire.Lemmas,2
Mathlib.Combinatorics.SimpleGraph.Cayley,2
Mathlib.GroupTheory.FreeGroup.Basic,2
Mathlib.ModelTheory.Encoding,2
Mathlib.Combinatorics.SimpleGraph.Coloring.EdgeLabeling,2
Mathlib.Order.WellQuasiOrder,2
Mathlib.Combinatorics.SimpleGraph.AdjMatrix,2
Mathlib.Combinatorics.SimpleGraph.Extremal.Basic,2
Mathlib.Combinatorics.SimpleGraph.Extremal.Turan,2
Mathlib.Combinatorics.SimpleGraph.VertexCover,2
Mathlib.Tactic.NormNum.GCD,2
Mathlib.Algebra.GCDMonoid.Nat,2
Mathlib.RingTheory.UniqueFactorizationDomain.GCDMonoid,2
Mathlib.Algebra.Group.Action.Opposite,2
Mathlib.Algebra.AddTorsor.Defs,2
Mathlib.GroupTheory.GroupAction.MultipleTransitivity,2
Mathlib.RepresentationTheory.Semisimple,2
Mathlib.GroupTheory.GroupAction.Blocks,2
Mathlib.GroupTheory.GroupAction.ConjAct,2
Mathlib.CategoryTheory.Action,2
Mathlib.RepresentationTheory.FDRep,2
Mathlib.RepresentationTheory.Intertwining,2
Mathlib.RepresentationTheory.Irreducible,2
Mathlib.RepresentationTheory.Rep.Basic,2
Mathlib.Algebra.BigOperators.Intervals,2
Mathlib.Geometry.Euclidean.Sphere.Ptolemy,2
Mathlib.Algebra.CubicDiscriminant,2
Mathlib.Combinatorics.SimpleGraph.Trails,2
Mathlib.Analysis.Real.Hyperreal,2
Mathlib.Data.PFun,2
Mathlib.Algebra.Homology.ShortComplex.ShortExact,2
Mathlib.Algebra.Homology.DerivedCategory.Ext.Basic,2
Mathlib.CategoryTheory.Monoidal.Tor,2
Mathlib.Algebra.Homology.HomologySequence,2
Mathlib.Algebra.Ring.Hom.Defs,2
Mathlib.GroupTheory.Congruence.Hom,2
Mathlib.Geometry.Euclidean.Inversion.Basic,2
Mathlib.Algebra.Ring.Identities,2
Mathlib.Algebra.Category.Ring.Constructions,2
Mathlib.Data.Int.CharZero,2
Mathlib.Data.Int.Order.Basic,2
Mathlib.Algebra.Order.Ring.Int,2
Mathlib.LinearAlgebra.Eigenspace.Semisimple,2
Mathlib.Algebra.Module.PID,2
Mathlib.RingTheory.KrullDimension.Zero,2
Mathlib.Order.RelSeries,2
Mathlib.RingTheory.KrullDimension.PID,2
Mathlib.RingTheory.HopkinsLevitzki,2
Mathlib.RingTheory.Artinian.Module,2
Mathlib.RingTheory.UniqueFactorizationDomain.Kaplansky,2
Mathlib.MeasureTheory.Function.L1Space.Integrable,2
Mathlib.MeasureTheory.OuterMeasure.Basic,2
Mathlib.MeasureTheory.Constructions.BorelSpace.Basic,2
Mathlib.MeasureTheory.Measure.Regular,2
Mathlib.Algebra.Lie.Subalgebra,2
Mathlib.Algebra.Lie.Abelian,2
Mathlib.Algebra.Lie.Matrix,2
Mathlib.Algebra.Lie.SkewAdjoint,2
Mathlib.Algebra.Lie.UniversalEnveloping,2
Mathlib.Algebra.Module.Equiv.Defs,2
Mathlib.Analysis.InnerProductSpace.GramSchmidtOrtho,2
Mathlib.LinearAlgebra.Matrix.Determinant.TotallyUnimodular,2
Mathlib.Probability.Kernel.Defs,2
Mathlib.ModelTheory.Bundled,2
Mathlib.Data.Matrix.Diagonal,2
Mathlib.MeasureTheory.Function.ConvergenceInMeasure,2
Mathlib.Data.Nat.Choose.Multinomial,2
Mathlib.Analysis.Calculus.ParametricIntegral,2
Mathlib.LinearAlgebra.QuadraticForm.Signature,2
Mathlib.LinearAlgebra.BilinearForm.Basic,2
Mathlib.Combinatorics.Enumerative.IncidenceAlgebra,2
Mathlib.ModelTheory.Fraisse,2
Mathlib.ModelTheory.Topology.Types,2
Mathlib.Algebra.Module.Pi,2
Mathlib.Geometry.Manifold.Algebra.SmoothFunctions,2
Mathlib.RingTheory.Noetherian.Defs,2
Mathlib.Algebra.Module.End,2
Mathlib.Data.Set.Semiring,2
Mathlib.Algebra.Group.Prod,2
Mathlib.Algebra.BigOperators.Group.List.Defs,2
Mathlib.Algebra.Order.Monoid.Defs,2
Mathlib.Data.Seq.Defs,2
Mathlib.Algebra.Ring.Nat,2
Mathlib.Algebra.DualNumber,2
Mathlib.Order.Filter.Basic,2
Mathlib.Analysis.Distribution.SchwartzSpace.Deriv,2
Mathlib.Order.SuccPred.Limit,2
Mathlib.Order.IsNormal,2
Mathlib.SetTheory.Ordinal.Veblen,2
Mathlib.LinearAlgebra.QuadraticForm.IsometryEquiv,2
Mathlib.Logic.Equiv.Basic,2
Mathlib.Data.Finset.Powerset,2
Mathlib.MeasureTheory.Measure.MeasureSpace,2
Mathlib.SetTheory.Cardinal.Pigeonhole,2
Mathlib.Algebra.Polynomial.Derivative,2
Mathlib.Algebra.Polynomial.Taylor,2
Mathlib.Analysis.Analytic.RadiusLiminf,2
Mathlib.Analysis.Complex.AbelLimit,2
Mathlib.GroupTheory.FinitelyPresentedGroup,2
Mathlib.RingTheory.Spectrum.Prime.Basic,2
Mathlib.RingTheory.Ideal.AssociatedPrime.Basic,2
Mathlib.MeasureTheory.Function.AEEqOfLIntegral,2
Mathlib.MeasureTheory.Function.Jacobian,2
Mathlib.MeasureTheory.Measure.ProbabilityMeasure,2
Mathlib.MeasureTheory.Measure.Map,2
Mathlib.CategoryTheory.Abelian.Projective.Dimension,2
Mathlib.RingTheory.LittleWedderburn,2
Mathlib.RingTheory.Polynomial.Hermite.Basic,2
Mathlib.Order.OrderIsoNat,2
Mathlib.Probability.Martingale.Basic,2
Mathlib.Topology.Bornology.Basic,2
Mathlib.Topology.Order.MonotoneConvergence,2
Mathlib.Topology.UniformSpace.UniformConvergence,2
Mathlib.MeasureTheory.Function.AbsolutelyContinuous,2
Mathlib.Computability.MyhillNerode,2
Mathlib.LinearAlgebra.Alternating.Basic,2
Mathlib.Analysis.Calculus.DifferentialForm.Basic,2
Mathlib.Topology.Compactification.OnePoint.Sphere,2
Mathlib.Geometry.Manifold.Complex,2
Mathlib.Geometry.Manifold.MFDeriv.Basic,2
Mathlib.NumberTheory.LSeries.Nonvanishing,2
Mathlib.RingTheory.Morita.Basic,2
Mathlib.RingTheory.Jacobson.Radical,2
Mathlib.RingTheory.MvPolynomial.Symmetric.FundamentalTheorem,2
Mathlib.LinearAlgebra.RootSystem.Irreducible,2
Mathlib.LinearAlgebra.RootSystem.CartanMatrix,2
Mathlib.Analysis.CStarAlgebra.ContinuousFunctionalCalculus.Unital,2
Mathlib.Algebra.Polynomial.Basis,2
Mathlib.Algebra.Ring.Prod,2
Mathlib.Analysis.Real.Pi.Irrational,2
Mathlib.Data.Set.PowersetCard,2
Mathlib.Order.Fin.Basic,2
Mathlib.GroupTheory.Perm.MaximalSubgroups,2
Mathlib.Geometry.Euclidean.Angle.Oriented.Rotation,2
Mathlib.Analysis.InnerProductSpace.Projection.FiniteDimensional,2
Mathlib.LinearAlgebra.TensorPower.Symmetric,2
Mathlib.Topology.FiberBundle.Constructions,2
Mathlib.Geometry.Manifold.MFDeriv.NormedSpace,2
Mathlib.LinearAlgebra.PiTensorProduct,2
Mathlib.Analysis.AperiodicOrder.Delone.Basic,2
Mathlib.NumberTheory.ModularForms.JacobiTheta.OneVariable,2
Mathlib.Analysis.SpecialFunctions.Gamma.Beta,2
Mathlib.Combinatorics.Enumerative.Partition.Glaisher,2
Mathlib.Combinatorics.Enumerative.Pentagonal,2
Mathlib.Data.Fintype.Sort,2
Mathlib.Order.ConditionallyCompleteLattice.Defs,2
Mathlib.NumberTheory.Transcendental.Liouville.LiouvilleNumber,2
Mathlib.Topology.FiberBundle.Trivialization,2
Mathlib.Analysis.InnerProductSpace.Projection.Submodule,2
Mathlib.Order.WellFounded,2
Mathlib.Order.BourbakiWitt,2
Mathlib.Order.BoundedOrder.Basic,1
Mathlib.Data.ENNReal.Basic,1
Mathlib.CategoryTheory.Limits.Shapes.ZeroObjects,1
Mathlib.Data.ENNReal.Inv,1
Mathlib.Topology.UnitInterval,1
Mathlib.Analysis.Normed.Module.RCLike.Basic,1
Mathlib.Data.Nat.Bits,1
Mathlib.Algebra.CharP.Two,1
Mathlib.Algebra.Category.Grp.ZModuleEquivalence,1
Mathlib.Algebra.Group.Hom.Basic,1
Mathlib.GroupTheory.FreeAbelianGroup,1
Mathlib.GroupTheory.Divisible,1
Mathlib.Algebra.Module.Torsion.Basic,1
Mathlib.Algebra.Order.Group.Abs,1
Mathlib.Topology.Algebra.Order.Group,1
Mathlib.Analysis.Normed.Module.Convex,1
Mathlib.Data.Sign.Basic,1
Mathlib.Algebra.Order.Module.Basic,1
Mathlib.Analysis.InnerProductSpace.NormPow,1
Mathlib.Topology.MetricSpace.Ultra.Basic,1
Mathlib.Algebra.Order.Ring.Basic,1
Mathlib.Order.JordanHolder,1
Mathlib.RingTheory.Lasker,1
Mathlib.Algebra.Category.Semigrp.Basic,1
Mathlib.Algebra.Module.StablyFree.Basic,1
Mathlib.AlgebraicGeometry.FunctionField,1
Mathlib.NumberTheory.Niven,1
Mathlib.RingTheory.Localization.Integral,1
Mathlib.RingTheory.IntegralClosure.IsIntegral.Defs,1
Mathlib.RingTheory.IntegralClosure.Algebra.Basic,1
Mathlib.RingTheory.Ideal.Defs,1
Mathlib.Algebra.Prime.Defs,1
Mathlib.RingTheory.UniqueFactorizationDomain.Defs,1
Mathlib.RingTheory.FractionalIdeal.Basic,1
Mathlib.NumberTheory.NumberField.Discriminant.Defs,1
Mathlib.NumberTheory.Padics.PadicNorm,1
Mathlib.NumberTheory.Ostrowski,1
Mathlib.NumberTheory.NumberField.Completion.FinitePlace,1
Mathlib.NumberTheory.NumberField.AdeleRing,1
Mathlib.NumberTheory.FunctionField,1
Mathlib.NumberTheory.NumberField.Units.Regulator,1
Mathlib.RingTheory.DedekindDomain.AdicValuation,1
Mathlib.Topology.CWComplex.Classical.Basic,1
Mathlib.AlgebraicGeometry.Group.Smooth,1
Mathlib.AlgebraicGeometry.Group.Abelian,1
Mathlib.AlgebraicGeometry.Geometrically.Integral,1
Mathlib.AlgebraicGeometry.Morphisms.Proper,1
Mathlib.Algebra.BigOperators.Group.List.Basic,1
Mathlib.Computability.AkraBazzi.AkraBazzi,1
Mathlib.Data.List.MinMax,1
Mathlib.Geometry.Euclidean.Sphere.Tangent,1
Mathlib.Geometry.Euclidean.Simplex,1
Mathlib.Data.Nat.MaxPowDiv,1
Mathlib.NumberTheory.MulChar.Basic,1
Mathlib.NumberTheory.Padics.PadicVal.Basic,1
Mathlib.NumberTheory.ArithmeticFunction.VonMangoldt,1
Mathlib.NumberTheory.LSeries.Basic,1
Mathlib.NumberTheory.ArithmeticFunction.Zeta,1
Mathlib.Topology.EMetricSpace.Lipschitz,1
Mathlib.Analysis.Calculus.InverseFunctionTheorem.ApproximatesLinearOn,1
Mathlib.MeasureTheory.Measure.Decomposition.RadonNikodym,1
Mathlib.Analysis.Polynomial.Basic,1
Mathlib.Analysis.Asymptotics.SpecificAsymptotics,1
Mathlib.Analysis.Asymptotics.SuperpolynomialDecay,1
Mathlib.Analysis.SpecialFunctions.Stirling,1
Mathlib.Logic.Embedding.Basic,1
Mathlib.CategoryTheory.Limits.Shapes.Images,1
Mathlib.Probability.Distributions.SetBernoulli,1
Mathlib.Probability.Moments.SubGaussian,1
Mathlib.Order.BooleanAlgebra.Basic,1
Mathlib.Topology.Sets.Closeds,1
Mathlib.Algebra.Order.Ring.Idempotent,1
Mathlib.Algebra.Category.BoolRing,1
Mathlib.Order.PFilter,1
Mathlib.Order.PrimeSeparator,1
Mathlib.CategoryTheory.Retract,1
Mathlib.Analysis.CStarAlgebra.Hom,1
Mathlib.Analysis.CStarAlgebra.ContinuousFunctionalCalculus.Order,1
Mathlib.Analysis.CStarAlgebra.ContinuousFunctionalCalculus.Basic,1
Mathlib.Analysis.CStarAlgebra.ApproximateUnit,1
Mathlib.Analysis.CStarAlgebra.Matrix,1
Mathlib.Analysis.Normed.Operator.Compact.Basic,1
Mathlib.Analysis.CStarAlgebra.GelfandDuality,1
Mathlib.Combinatorics.Enumerative.InclusionExclusion,1
Mathlib.SetTheory.ZFC.VonNeumann,1
Mathlib.Analysis.Complex.Cardinality,1
Mathlib.CategoryTheory.Category.RelCat,1
Mathlib.CategoryTheory.Discrete.Basic,1
Mathlib.CategoryTheory.Category.Preorder,1
Mathlib.CategoryTheory.Groupoid,1
Mathlib.CategoryTheory.PathCategory.Basic,1
Mathlib.Order.Category.Preord,1
Mathlib.CategoryTheory.ConcreteCategory.Basic,1
Mathlib.CategoryTheory.Category.Quiv,1
Mathlib.CategoryTheory.Quotient,1
Mathlib.CategoryTheory.Localization.Construction,1
Mathlib.CategoryTheory.CommSq,1
Mathlib.CategoryTheory.Enriched.Basic,1
Mathlib.CategoryTheory.Limits.Types.Limits,1
Mathlib.CategoryTheory.Monoidal.Closed.Cartesian,1
Mathlib.CategoryTheory.Monoidal.Closed.Types,1
Mathlib.CategoryTheory.Subobject.Classifier.Defs,1
Mathlib.LinearAlgebra.Matrix.Charpoly.Minpoly,1
Mathlib.LinearAlgebra.Matrix.Charpoly.Eigs,1
Mathlib.LinearAlgebra.Matrix.Permanent,1
Mathlib.RingTheory.Nakayama,1
Mathlib.Dynamics.Ergodic.AddCircle,1
Mathlib.Dynamics.PeriodicPts.Defs,1
Mathlib.Topology.MetricSpace.Snowflaking,1
Mathlib.RingTheory.FormalGroup.Basic,1
Mathlib.SetTheory.Cardinal.Cofinality.Basic,1
Mathlib.Topology.MetricSpace.ProperSpace,1
Mathlib.Topology.UniformSpace.CompleteSeparated,1
Mathlib.Topology.UniformSpace.AbstractCompletion,1
Mathlib.Analysis.Normed.Module.Completion,1
Mathlib.Analysis.InnerProductSpace.Completion,1
Mathlib.Topology.Algebra.IsUniformGroup.Basic,1
Mathlib.Computability.Encoding,1
Mathlib.Combinatorics.SimpleGraph.Connectivity.Connected,1
Mathlib.Combinatorics.Enumerative.DyckWord,1
Mathlib.Analysis.Convex.PathConnected,1
Mathlib.Analysis.Convex.Strict,1
Mathlib.Analysis.LocallyConvex.AbsConvex,1
Mathlib.Analysis.Convex.Body,1
Mathlib.Topology.Algebra.Monoid,1
Mathlib.Topology.Algebra.Group.Pointwise,1
Mathlib.Topology.Algebra.AsymptoticCone,1
Mathlib.Geometry.Convex.ConvexSpace.Defs,1
Mathlib.LinearAlgebra.Matrix.Circulant,1
Mathlib.RingTheory.Coalgebra.Convolution,1
Mathlib.RingTheory.HopfAlgebra.Basic,1
Mathlib.Computability.TMToPartrec,1
Mathlib.Logic.Equiv.List,1
Mathlib.FieldTheory.IsAlgClosed.Basic,1
Mathlib.Geometry.Manifold.Immersion,1
Mathlib.Analysis.Calculus.Conformal.NormedSpace,1
Mathlib.Analysis.SpecialFunctions.Trigonometric.Chebyshev.Extremal,1
Mathlib.Analysis.Calculus.Implicit,1
Mathlib.LinearAlgebra.SymplecticGroup,1
Mathlib.Geometry.Manifold.Algebra.LieGroup,1
Mathlib.Geometry.Manifold.GroupLieAlgebra,1
Mathlib.Combinatorics.Digraph.Basic,1
Mathlib.Combinatorics.Quiver.Path,1
Mathlib.Combinatorics.SimpleGraph.Hasse,1
Mathlib.Combinatorics.Quiver.Arborescence,1
Mathlib.RepresentationTheory.Homological.GroupCohomology.Basic,1
Mathlib.MeasureTheory.Integral.CurveIntegral.Poincare,1
Mathlib.Analysis.BoxIntegral.DivergenceTheorem,1
Mathlib.Topology.MetricSpace.Pseudo.Pi,1
Mathlib.Topology.MetricSpace.Closeds,1
Mathlib.Geometry.Euclidean.SignedDist,1
Mathlib.Topology.Support,1
Mathlib.MeasureTheory.Function.LocallyIntegrable,1
Mathlib.Analysis.Distribution.DerivNotation,1
Mathlib.Analysis.Distribution.SchwartzSpace.Fourier,1
Mathlib.Analysis.Fourier.Notation,1
Mathlib.Topology.Algebra.Module.FiniteDimension,1
Mathlib.Analysis.Normed.Module.Dual,1
Mathlib.Topology.Algebra.Module.Spaces.WeakDual,1
Mathlib.Analysis.LocallyConvex.SeparatingDual,1
Mathlib.AlgebraicGeometry.EllipticCurve.Reduction,1
Mathlib.AlgebraicGeometry.EllipticCurve.IsomOfJ,1
Mathlib.Data.FP.Basic,1
Mathlib.Data.Setoid.Partition,1
Mathlib.GroupTheory.Congruence.Defs,1
Mathlib.Algebra.ContinuedFractions.Computation.TerminatesIffRat,1
Mathlib.Geometry.Euclidean.Congruence,1
Mathlib.Geometry.Euclidean.Similarity,1
Mathlib.LinearAlgebra.AffineSpace.FiniteDimensional,1
Mathlib.Analysis.Complex.Isometry,1
Mathlib.RingTheory.RootsOfUnity.PrimitiveRoots,1
Mathlib.Analysis.Normed.Algebra.MatrixExponential,1
Mathlib.NumberTheory.FLT.MasonStothers,1
Mathlib.NumberTheory.LucasPrimality,1
Mathlib.Data.Int.Fib.Basic,1
Mathlib.Analysis.SpecificLimits.Fibonacci,1
Mathlib.CategoryTheory.FiberedCategory.Fiber,1
Mathlib.CategoryTheory.FiberedCategory.Grothendieck,1
Mathlib.CategoryTheory.Comma.Arrow,1
Mathlib.ModelTheory.Equivalence,1
Mathlib.Logic.ExistsUnique,1
Mathlib.Combinatorics.SimpleGraph.Finite,1
Mathlib.Analysis.Fourier.LpSpace,1
Mathlib.Analysis.SpecialFunctions.Exponential,1
Mathlib.Analysis.Fourier.PoissonSummation,1
Counterexamples.NowhereDifferentiable,1
Counterexamples.PeanoCurve,1
Mathlib.CategoryTheory.Functor.Const,1
Mathlib.CategoryTheory.Monoidal.Category,1
Mathlib.CategoryTheory.ConcreteCategory.Forget,1
Mathlib.Order.GameAdd,1
Mathlib.Topology.Maps.Basic,1
Mathlib.Topology.Order.IsLUB,1
Mathlib.Topology.Separation.CompletelyRegular,1
Mathlib.Topology.UrysohnsLemma,1
Mathlib.Topology.Separation.GDelta,1
Mathlib.Topology.Compactness.SigmaCompact,1
Mathlib.Topology.EMetricSpace.Paracompact,1
Mathlib.Topology.Metrizable.Urysohn,1
Mathlib.Topology.Algebra.Algebra,1
Mathlib.MeasureTheory.Group.FoelnerFilter,1
Mathlib.GroupTheory.CoprodI,1
Mathlib.GroupTheory.HNNExtension,1
Mathlib.GroupTheory.PushoutI,1
Mathlib.Combinatorics.SimpleGraph.Partition,1
Mathlib.Combinatorics.SimpleGraph.Coloring.Constructions,1
Mathlib.Combinatorics.Graph.Basic,1
Mathlib.Combinatorics.SimpleGraph.Extremal.TuranDensity,1
Mathlib.Combinatorics.SimpleGraph.Regularity.Lemma,1
Mathlib.Probability.Combinatorics.BinomialRandomGraph.Defs,1
Mathlib.Combinatorics.SimpleGraph.IncMatrix,1
Mathlib.Combinatorics.SimpleGraph.Copy,1
Mathlib.RingTheory.Coprime.Basic,1
Mathlib.Algebra.Group.Action.Pretransitive,1
Mathlib.GroupTheory.GroupAction.Primitive,1
Mathlib.Topology.Algebra.ConstMulAction,1
Mathlib.Topology.Algebra.MulAction,1
Mathlib.Topology.Algebra.ProperAction.Basic,1
Mathlib.Algebra.Group.Action.Units,1
Mathlib.Algebra.Algebra.Equiv,1
Mathlib.Algebra.Group.Action.Pointwise.Set.Basic,1
Mathlib.CategoryTheory.Action.Continuous,1
Mathlib.Algebra.Group.Subgroup.Ker,1
Mathlib.RepresentationTheory.Subrepresentation,1
Mathlib.Algebra.Group.Action.Basic,1
Mathlib.Topology.Separation.SeparatedNhds,1
Mathlib.Topology.Sober,1
Mathlib.Topology.Maps.Proper.Basic,1
Mathlib.Topology.UniformSpace.Separation,1
Mathlib.FieldTheory.Galois.Basic,1
Mathlib.LinearAlgebra.AffineSpace.AffineSubspace.Basic,1
Mathlib.Tactic.Linarith.Oracle.SimplexAlgorithm.Gauss,1
Mathlib.Data.Nat.BinaryRec,1
Mathlib.ModelTheory.Arithmetic.Presburger.Definability,1
Mathlib.Analysis.Calculus.ImplicitFunction.ProdDomain,1
Mathlib.CategoryTheory.Profunctor.Basic,1
Mathlib.CategoryTheory.Adjunction.Limits,1
Mathlib.CategoryTheory.Preadditive.Projective.Basic,1
Mathlib.Algebra.Homology.ShortComplex.Exact,1
Mathlib.Algebra.Homology.ExactSequence,1
Mathlib.CategoryTheory.Abelian.DiagramLemmas.Four,1
Mathlib.Algebra.Homology.ShortComplex.SnakeLemma,1
Mathlib.CategoryTheory.Abelian.RightDerived,1
Mathlib.CategoryTheory.Abelian.Ext,1
Mathlib.Algebra.Homology.QuasiIso,1
Mathlib.Algebra.Algebra.Hom,1
Mathlib.Data.Matrix.Basic,1
Mathlib.Data.FunLike.Equiv,1
Mathlib.GroupTheory.Congruence.Basic,1
Mathlib.GroupTheory.QuotientGroup.Defs,1
Mathlib.LinearAlgebra.CliffordAlgebra.Equivs,1
Mathlib.LinearAlgebra.CliffordAlgebra.Even,1
Mathlib.Algebra.Group.Idempotent,1
Mathlib.Data.Nat.Log,1
Mathlib.Data.Int.Notation,1
Mathlib.Algebra.Order.Floor.Ring,1
Mathlib.Algebra.GCDMonoid.IntegrallyClosed,1
Mathlib.Algebra.Ring.Int.Field,1
Mathlib.RingTheory.Localization.FractionRing,1
Mathlib.Algebra.EuclideanDomain.Int,1
Mathlib.Logic.Equiv.Nat,1
Mathlib.Algebra.Group.Invertible.Defs,1
Mathlib.LinearAlgebra.Eigenspace.Matrix,1
Mathlib.LinearAlgebra.JordanChevalley,1
Mathlib.FieldTheory.IsAlgClosed.Spectrum,1
Mathlib.Analysis.Normed.Operator.Compact.FredholmAlternative,1
Mathlib.RingTheory.KrullDimension.Field,1
Mathlib.RingTheory.DedekindDomain.Basic,1
Mathlib.RingTheory.KrullDimension.Module,1
Mathlib.GroupTheory.Index,1
Mathlib.Probability.Moments.MGFAnalytic,1
Mathlib.MeasureTheory.Measure.Stieltjes,1
Mathlib.NumberTheory.Transcendental.Liouville.Measure,1
Mathlib.MeasureTheory.Constructions.BorelSpace.Order,1
Mathlib.MeasureTheory.Measure.OpenPos,1
Mathlib.Analysis.BoxIntegral.Box.Basic,1
Mathlib.Algebra.Lie.Ideal,1
Mathlib.Algebra.Lie.Quotient,1
Mathlib.Algebra.Lie.Normalizer,1
Mathlib.Algebra.Lie.Prod,1
Mathlib.Algebra.Lie.SemiDirect,1
Mathlib.RingTheory.Derivation.Lie,1
Mathlib.Algebra.Lie.Derivation.Basic,1
Mathlib.Algebra.Lie.Derivation.Killing,1
Mathlib.Algebra.Lie.Free,1
Mathlib.Algebra.Lie.Nilpotent,1
Mathlib.Algebra.Lie.Engel,1
Mathlib.Algebra.Lie.Killing,1
Mathlib.Algebra.Lie.CartanCriterion,1
Mathlib.Algebra.Lie.BaseChange,1
Mathlib.Algebra.Lie.Graded,1
Mathlib.LinearAlgebra.LinearIndependent.Defs,1
Mathlib.LinearAlgebra.Dimension.StrongRankCondition,1
Mathlib.LinearAlgebra.FiniteDimensional.Defs,1
Mathlib.LinearAlgebra.Determinant,1
Mathlib.LinearAlgebra.Matrix.ConjTranspose,1
Mathlib.Algebra.Module.Presentation.Tautological,1
Mathlib.Analysis.Convex.Birkhoff,1
Mathlib.Probability.Kernel.Invariance,1
Mathlib.Topology.Semicontinuity.Basic,1
Mathlib.Analysis,1
Mathlib.LinearAlgebra.AffineSpace.Combination,1
Mathlib.Probability.Distributions.Pareto,1
Mathlib.Analysis.Convex.Integral,1
Mathlib.Geometry.Manifold.VectorBundle.Riemannian,1
Mathlib.LinearAlgebra.BilinearForm.IsometryEquiv,1
Mathlib.ModelTheory.ElementaryMaps,1
Mathlib.ModelTheory.LanguageMap,1
Mathlib.Order.CountableDenseLinearOrder,1
Mathlib.Algebra.Module.Bimodule,1
Mathlib.Algebra.Polynomial.Module.AEval,1
Mathlib.Algebra.Opposites,1
Mathlib.Algebra.Algebra.RestrictScalars,1
Mathlib.LinearAlgebra.Span.Basic,1
Mathlib.LinearAlgebra.Isomorphisms,1
Mathlib.Algebra.Category.ModuleCat.Abelian,1
Mathlib.RingTheory.Finiteness.Defs,1
Mathlib.Algebra.Module.Injective,1
Mathlib.Algebra.Module.Torsion.Free,1
Mathlib.RingTheory.Artinian.Defs,1
Mathlib.Algebra.Module.GradedModule,1
Mathlib.Algebra.Category.ModuleCat.Sheaf,1
Mathlib.Algebra.Group.Submonoid.Defs,1
Mathlib.Algebra.Group.Subsemigroup.Defs,1
Mathlib.Data.PNat.Basic,1
Mathlib.Algebra.Group.WithOne.Defs,1
Mathlib.Algebra.Group.Opposite,1
Mathlib.Algebra.PresentedMonoid.Basic,1
Mathlib.Algebra.Category.MonCat.Basic,1
Mathlib.CategoryTheory.Monoidal.Mon,1
Mathlib.Dynamics.BirkhoffSum.Average,1
Mathlib.Algebra.Order.GroupWithZero.Unbundled.Defs,1
Mathlib.Algebra.Field.Rat,1
Mathlib.Analysis.SpecialFunctions.Artanh,1
Mathlib.Analysis.Complex.ExponentialBounds,1
Mathlib.Data.Nat.Notation,1
Mathlib.Data.PNat.Defs,1
Mathlib.Data.Num.Basic,1
Mathlib.SetTheory.ZFC.PSet,1
Mathlib.Data.Nat.Basic,1
Mathlib.Algebra.Order.Ring.Nat,1
Mathlib.Data.Nat.Find,1
Mathlib.Analysis.LocallyConvex.Barrelled,1
Mathlib.Algebra.ContinuedFractions.Basic,1
Mathlib.FieldTheory.Galois.Abelian,1
Mathlib.MeasureTheory.Group.GeometryOfNumbers,1
Mathlib.Tactic.Linarith.Oracle.SimplexAlgorithm.SimplexAlgorithm,1
Mathlib.Data.List.Palindrome,1
Mathlib.Analysis.SpecialFunctions.Gaussian.GaussianIntegral,1
Mathlib.MeasureTheory.Integral.Prod,1
Mathlib.Probability.Moments.CovarianceBilin,1
Mathlib.SetTheory.Ordinal.Exponential,1
Mathlib.SetTheory.Ordinal.FixedPoint,1
Mathlib.SetTheory.Ordinal.Enum,1
Mathlib.SetTheory.Ordinal.Principal,1
Mathlib.SetTheory.Ordinal.CantorNormalForm,1
Mathlib.Topology.DerivedSet,1
Mathlib.Topology.Perfect,1
Mathlib.Analysis.Normed.Operator.LinearIsometry,1
Mathlib.LinearAlgebra.QuadraticForm.Real,1
Mathlib.LinearAlgebra.QuadraticForm.AlgClosed,1
Mathlib.FieldTheory.ChevalleyWarning,1
Mathlib.Analysis.SpecialFunctions.Complex.CircleMap,1
Mathlib.Order.Comparable,1
Mathlib.Order.Antichain,1
Mathlib.Combinatorics.Derangements.Basic,1
Mathlib.GroupTheory.Perm.Cycle.Concrete,1
Mathlib.Data.Fintype.BigOperators,1
Mathlib.Data.List.Permutation,1
Mathlib.GroupTheory.Perm.Centralizer,1
Mathlib.Geometry.Manifold.IntegralCurve.ExistUnique,1
Mathlib.Topology.Instances.AddCircle.DenseSubgroup,1
Mathlib.RingTheory.MvPolynomial.Homogeneous,1
Mathlib.RingTheory.Polynomial.UniqueFactorization,1
Mathlib.RingTheory.Polynomial.Vieta,1
Mathlib.Algebra.Polynomial.Laurent,1
Mathlib.Algebra.MvPolynomial.Equiv,1
Mathlib.Geometry.Convex.Cone.DualFinite,1
Mathlib.Order.Grade,1
Mathlib.Analysis.Calculus.FormalMultilinearSeries,1
Mathlib.Analysis.Analytic.OfScalars,1
Mathlib.RingTheory.PowerSeries.Inverse,1
Mathlib.Analysis.Analytic.Uniqueness,1
Mathlib.Analysis.Analytic.Inverse,1
Mathlib.RingTheory.MvPowerSeries.Basic,1
Mathlib.RingTheory.PowerSeries.Order,1
Mathlib.GroupTheory.Coprod.Basic,1
Mathlib.GroupTheory.SemidirectProduct,1
Mathlib.RingTheory.Ideal.IsPrimary,1
Mathlib.RingTheory.Polynomial.Eisenstein.Criterion,1
Mathlib.RingTheory.Ideal.Maps,1
Mathlib.RingTheory.Ideal.Basic,1
Mathlib.RingTheory.Ideal.Oka,1
Mathlib.RingTheory.PrincipalIdealDomainOfPrime,1
Mathlib.RingTheory.Noetherian.OfPrime,1
Mathlib.MeasureTheory.Constructions.UnitInterval,1
Mathlib.Order.Disjoint,1
Mathlib.MeasureTheory.Measure.Decomposition.Lebesgue,1
Mathlib.MeasureTheory.OuterMeasure.AE,1
Mathlib.CategoryTheory.Preadditive.Yoneda.Projective,1
Mathlib.RingTheory.SimpleModule.InjectiveProjective,1
Mathlib.RingTheory.Flat.EquationalCriterion,1
Mathlib.CategoryTheory.Preadditive.Projective.Resolution,1
Mathlib.Algebra.Category.ModuleCat.Projective,1
Mathlib.RingTheory.LocalProperties.Projective,1
Mathlib.LinearAlgebra.Projectivization.Independence,1
Mathlib.AlgebraicGeometry.ProjectiveSpectrum.Scheme,1
Mathlib.Analysis.InnerProductSpace.Affine,1
Mathlib.NumberTheory.LegendreSymbol.QuadraticChar.Basic,1
Mathlib.Analysis.Normed.Field.Basic,1
Mathlib.Algebra.Star.Unitary,1
Mathlib.Order.KonigLemma,1
Mathlib.Probability.HasLaw,1
Mathlib.Probability.Process.Filtration,1
Mathlib.Combinatorics.HalesJewett,1
Mathlib.Order.ConditionallyCompleteLattice.Basic,1
Mathlib.Topology.MetricSpace.Basic,1
Mathlib.Topology.MetricSpace.Pseudo.Lemmas,1
Mathlib.Topology.UniformSpace.Defs,1
Mathlib.Topology.UniformSpace.HeineCantor,1
Mathlib.Analysis.PSeries,1
Mathlib.Analysis.Normed.Group.InfiniteSum,1
Mathlib.Analysis.BoxIntegral.Partition.Tagged,1
Mathlib.Order.Circular,1
Mathlib.Data.Matrix.Action,1
Mathlib.Analysis.Calculus.FDeriv.Mul,1
Mathlib.Geometry.Manifold.VectorBundle.Tensoriality,1
Mathlib.Analysis.Meromorphic.Basic,1
Mathlib.Analysis.Complex.Conformal,1
Mathlib.NumberTheory.SumPrimeReciprocals,1
Mathlib.NumberTheory.LSeries.HurwitzZeta,1
Mathlib.RingTheory.NoetherNormalization,1
Mathlib.RingTheory.SimpleRing.Matrix,1
Mathlib.LinearAlgebra.RootSystem.Reduced,1
Mathlib.LinearAlgebra.RootSystem.Hom,1
Mathlib.Algebra.Lie.Weights.IsSimple,1
Mathlib.LinearAlgebra.RootSystem.GeckConstruction.Basic,1
Mathlib.LinearAlgebra.RootSystem.Finite.G2,1
Mathlib.Analysis.CStarAlgebra.Exponential,1
Mathlib.LinearAlgebra.Matrix.PosDef,1
Mathlib.LinearAlgebra.Complex.Module,1
Mathlib.Analysis.InnerProductSpace.Positive,1
Mathlib.MeasureTheory.Measure.MutuallySingular,1
Mathlib.Data.Nat.Nth,1
Mathlib.Topology.Algebra.Order.Archimedean,1
Mathlib.Topology.Algebra.Monoid.Defs,1
Mathlib.Topology.Order.OrderClosed,1
Mathlib.Order.Filter.AtTopBot.CountablyGenerated,1
Mathlib.Algebra.Free,1
Mathlib.Algebra.Exact,1
Mathlib.Order.SymmDiff,1
Mathlib.SetTheory.ZFC.Rank,1
Mathlib.RingTheory.RootsOfUnity.Basic,1
Mathlib.Analysis.Convex.Join,1
Mathlib.AlgebraicTopology.SimplicialSet.Homology.Basic,1
Mathlib.AlgebraicTopology.SingularSet,1
Mathlib.AlgebraicTopology.SimplicialObject.Basic,1
Mathlib.Analysis.Matrix.Normed,1
Mathlib.Analysis.SpecialFunctions.Trigonometric.Bounds,1
Mathlib.Algebra.Field.Basic,1
Mathlib.Order.Monotone.Basic,1
Mathlib.Algebra.Homology.SpectralObject.SpectralSequence,1
Mathlib.Algebra.Homology.HomologicalBicomplex,1
Mathlib.Algebra.Homology.TotalComplex,1
Mathlib.Algebra.Homology.SpectralObject.HasSpectralSequence,1
Mathlib.Analysis.InnerProductSpace.LinearMap,1
Mathlib.MeasureTheory.Constructions.HaarToSphere,1
Mathlib.RingTheory.AdjoinRoot,1
Mathlib.Topology.Algebra.Ring.Basic,1
Mathlib.Algebra.MonoidAlgebra.Defs,1
Mathlib.Analysis.SpecialFunctions.Trigonometric.EulerSineProd,1
Mathlib.Data.Nat.Factorial.DoubleFactorial,1
Mathlib.Probability.Kernel.Disintegration.StandardBorel,1
Mathlib.Probability.IdentDistrib,1
Mathlib.RingTheory.Binomial,1
Mathlib.GroupTheory.Subgroup.Simple,1
Mathlib.NumberTheory.ModularForms.SlashInvariantForms,1
Mathlib.ModelTheory.Graph,1
Mathlib.Probability.Distributions.Gaussian.HasGaussianLaw.Basic,1
Mathlib.Probability.Distributions.Gaussian.IsGaussianProcess.Def,1
Mathlib.Data.Prod.Basic,1
Mathlib.GroupTheory.SpecificGroups.Alternating.KleinFour,1
Mathlib.GroupTheory.Subgroup.ZPowers,1
Mathlib.GroupTheory.SpecificGroups.Alternating.Centralizer,1
Mathlib.RepresentationTheory.Maschke,1
Mathlib.Analysis.Matrix.Hermitian,1
Mathlib.Algebra.Ring.Aut,1
Mathlib.LinearAlgebra.Matrix.ToLinearEquiv,1
Mathlib.Geometry.Manifold.ContMDiffMFDeriv,1
Mathlib.RingTheory.RegularLocalRing.Defs,1
Mathlib.Analysis.Calculus.IteratedDeriv.ConvergenceOnBall,1
Mathlib.Analysis.SpecialFunctions.SmoothTransition,1
Mathlib.LinearAlgebra.Multilinear.Basic,1
Mathlib.LinearAlgebra.BilinearMap,1
Mathlib.LinearAlgebra.Trace,1
Mathlib.LinearAlgebra.TensorAlgebra.Basic,1
Mathlib.Data.Matrix.Defs,1
Mathlib.MeasureTheory.Group.FundamentalDomain,1
Mathlib.Computability.TuringMachine,1
Mathlib.NumberTheory.ModularForms.DedekindEta,1
Mathlib.Algebra.BigOperators.Ring,1
Mathlib.Algebra.Order.Ring.Abs,1
Mathlib.Algebra.Polynomial.RuleOfSigns,1
Mathlib.MeasureTheory.Integral.FundThmCalculus,1
Mathlib.Analysis.Calculus.LHopital,1
Mathlib.NumberTheory.ZetaValues,1
Mathlib.Data.Real.Cardinality,1
Mathlib.Topology.Homotopy.Equiv,1
Mathlib.Topology.Category.TopCat.OpenNhds,1
Mathlib.Order.CompleteBooleanAlgebra,1
Mathlib.CategoryTheory.Sites.Grothendieck,1
Mathlib.Order.PiLex,1
Mathlib.Algebra.Order.Ring.Defs,1
Mathlib.Order.Category.LinOrd,1
Mathlib.Order.Hom.Set,1
Mathlib.Topology.Order.T5,1
Mathlib.Data.Sum.Order,1
Mathlib.Data.Sigma.Lex,1
Mathlib.Data.Prod.Lex,1
Mathlib.NumberTheory.Transcendental.Liouville.LiouvilleWith,1
Mathlib.Analysis.Convex.StrictConvexSpace,1
Mathlib.Analysis.Normed.Group.Uniform,1
Mathlib.Computability.TuringMachine.StackTuringMachine,1
Mathlib.Topology.VectorBundle.FiniteDimensional,1
Mathlib.Geometry.Manifold.VectorBundle.LocalFrame,1
Mathlib.Topology.VectorBundle.Hom,1
Mathlib.Analysis.Calculus.VectorField,1
Mathlib.LinearAlgebra.ExteriorAlgebra.Grading,1
Mathlib.Algebra.Star.StarProjection,1
Mathlib.Analysis.InnerProductSpace.StandardSubspace,1
Mathlib.Algebra.Ring.Periodic,1
Mathlib.Analysis.SpecialFunctions.Gaussian.FourierTransform,1
Mathlib.Analysis.InnerProductSpace.Orthogonal,1
Mathlib.Order.Cofinal,1
Mathlib.MeasureTheory.Integral.CircleIntegral,1
Mathlib.Algebra.Lie.Basis,1
Mathlib.Order.Max,1
Mathlib.Analysis.Convex.Cone.Extension,1
